heuristic,movement,n,run,time_ms,nodes_explored,path_cost
dijkstra,4dir,0,1,0.020415,100,1651
dijkstra,8dir,0,1,0.0261673,100,1291
dijkstra,4dir,1,1,0.0202505,99,1651
dijkstra,8dir,1,1,0.0255732,99,1291
dijkstra,4dir,2,1,0.0201591,98,1651
dijkstra,8dir,2,1,0.0253364,98,1291
dijkstra,4dir,3,1,0.0190175,97,1651
dijkstra,8dir,3,1,0.025138,97,1291
dijkstra,4dir,4,1,0.0192425,96,1651
dijkstra,8dir,4,1,0.0247456,96,1291
dijkstra,4dir,5,1,0.0185849,95,1651
dijkstra,8dir,5,1,0.0241402,95,1291
dijkstra,4dir,6,1,0.0188135,94,1651
dijkstra,8dir,6,1,0.0240224,94,1291
dijkstra,4dir,7,1,0.0184616,93,1665
dijkstra,8dir,7,1,0.0237527,93,1291
dijkstra,4dir,8,1,0.0187128,92,1665
dijkstra,8dir,8,1,0.0234365,92,1291
dijkstra,4dir,9,1,0.0177779,91,1665
dijkstra,8dir,9,1,0.0229415,91,1291
dijkstra,4dir,10,1,0.0176802,89,1665
dijkstra,8dir,10,1,0.0229092,90,1291
dijkstra,4dir,11,1,0.0173897,88,1665
dijkstra,8dir,11,1,0.0230689,89,1291
dijkstra,4dir,12,1,0.0168642,87,1665
dijkstra,8dir,12,1,0.0226748,88,1291
dijkstra,4dir,13,1,0.0165218,86,1684
dijkstra,8dir,13,1,0.0221268,87,1303
dijkstra,4dir,14,1,0.016458,85,1684
dijkstra,8dir,14,1,0.0216376,86,1303
dijkstra,4dir,15,1,0.0150024,82,1684
dijkstra,8dir,15,1,0.020778,85,1303
dijkstra,4dir,16,1,0.015225,81,1684
dijkstra,8dir,16,1,0.0209767,84,1303
dijkstra,4dir,17,1,0.0151955,80,1684
dijkstra,8dir,17,1,0.0205956,83,1303
dijkstra,4dir,18,1,0.0155799,79,1684
dijkstra,8dir,18,1,0.0213079,82,1303
dijkstra,4dir,19,1,0.0142066,78,1684
dijkstra,8dir,19,1,0.0193054,81,1303
dijkstra,4dir,20,1,0.0146134,77,1684
dijkstra,8dir,20,1,0.0195283,80,1303
